-- Basic Rollers

insert into groups ( id, name ) values ( 1, "D4s" );

insert into rollers ( groupId, id, name, definition ) values ( 1, 1, '1 D4', '1D4' );
insert into rollers ( groupId, id, name, definition ) values ( 1, 2, '2 D4s', '2D4' );
insert into rollers ( groupId, id, name, definition ) values ( 1, 3, '3 D4s', '3D4' );
insert into rollers ( groupId, id, name, definition ) values ( 1, 4, '4 D4s', '4D4' );
insert into rollers ( groupId, id, name, definition ) values ( 1, 5, '5 D4s', '5D4' );
insert into rollers ( groupId, id, name, definition ) values ( 1, 6, '6 D4s', '6D4' );
insert into rollers ( groupId, id, name, definition ) values ( 1, 7, '7 D4s', '7D4' );
insert into rollers ( groupId, id, name, definition ) values ( 1, 8, '8 D4s', '8D4' );
insert into rollers ( groupId, id, name, definition ) values ( 1, 9, '9 D4s', '9D4' );
insert into rollers ( groupId, id, name, definition ) values ( 1, 10, '10 D4s', '10D4' );

insert into groups ( id, name ) values ( 2, 'D6s' );

insert into rollers ( groupId, id, name, definition ) values ( 2, 11, '1 D6', '1D6' );
insert into rollers ( groupId, id, name, definition ) values ( 2, 12, '2 D6s', '2D6' );
insert into rollers ( groupId, id, name, definition ) values ( 2, 13, '3 D6s', '3D6' );
insert into rollers ( groupId, id, name, definition ) values ( 2, 14, '4 D6s', '4D6' );
insert into rollers ( groupId, id, name, definition ) values ( 2, 15, '5 D6s', '5D6' );
insert into rollers ( groupId, id, name, definition ) values ( 2, 16, '6 D6s', '6D6' );
insert into rollers ( groupId, id, name, definition ) values ( 2, 17, '7 D6s', '7D6' );
insert into rollers ( groupId, id, name, definition ) values ( 2, 18, '8 D6s', '8D6' );
insert into rollers ( groupId, id, name, definition ) values ( 2, 19, '9 D6s', '9D6' );
insert into rollers ( groupId, id, name, definition ) values ( 2, 20, '10 D6s', '10D6' );

insert into groups ( id, name ) values ( 3, 'D8s' );

insert into rollers ( groupId, id, name, definition ) values ( 3, 21, '1 D8', '1D8' );
insert into rollers ( groupId, id, name, definition ) values ( 3, 22, '2 D8s', '2D8' );
insert into rollers ( groupId, id, name, definition ) values ( 3, 23, '3 D8s', '3D8' );
insert into rollers ( groupId, id, name, definition ) values ( 3, 24, '4 D8s', '4D8' );
insert into rollers ( groupId, id, name, definition ) values ( 3, 25, '5 D8s', '5D8' );
insert into rollers ( groupId, id, name, definition ) values ( 3, 26, '6 D8s', '6D8' );
insert into rollers ( groupId, id, name, definition ) values ( 3, 27, '7 D8s', '7D8' );
insert into rollers ( groupId, id, name, definition ) values ( 3, 28, '8 D8s', '8D8' );
insert into rollers ( groupId, id, name, definition ) values ( 3, 29, '9 D8s', '9D8' );
insert into rollers ( groupId, id, name, definition ) values ( 3, 30, '10 D8s', '10D8' );

insert into groups ( id, name ) values ( 4, 'D10s' );

insert into rollers ( groupId, id, name, definition ) values ( 4, 31, '1 D10', '1D10' );
insert into rollers ( groupId, id, name, definition ) values ( 4, 32, '2 D10s', '2D10' );
insert into rollers ( groupId, id, name, definition ) values ( 4, 33, '3 D10s', '3D10' );
insert into rollers ( groupId, id, name, definition ) values ( 4, 34, '4 D10s', '4D10' );
insert into rollers ( groupId, id, name, definition ) values ( 4, 35, '5 D10s', '5D10' );
insert into rollers ( groupId, id, name, definition ) values ( 4, 36, '6 D10s', '6D10' );
insert into rollers ( groupId, id, name, definition ) values ( 4, 37, '7 D10s', '7D10' );
insert into rollers ( groupId, id, name, definition ) values ( 4, 38, '8 D10s', '8D10' );
insert into rollers ( groupId, id, name, definition ) values ( 4, 39, '9 D10s', '9D10' );
insert into rollers ( groupId, id, name, definition ) values ( 4, 40, '10 D10s', '10D10' );
insert into rollers ( groupId, id, name, definition ) values ( 4, 41, 'Percentiles (0..99)', 'd100 - 1' );
insert into rollers ( groupId, id, name, definition ) values ( 4, 42, 'Percentiles (1..100)', 'd100' );

insert into groups ( id, name ) values ( 5, 'D12s' );

insert into rollers ( groupId, id, name, definition ) values ( 5, 43, '1 D12', '1D12' );
insert into rollers ( groupId, id, name, definition ) values ( 5, 44, '2 D12s', '2D12' );
insert into rollers ( groupId, id, name, definition ) values ( 5, 45, '3 D12s', '3D12' );
insert into rollers ( groupId, id, name, definition ) values ( 5, 46, '4 D12s', '4D12' );
insert into rollers ( groupId, id, name, definition ) values ( 5, 47, '5 D12s', '5D12' );
insert into rollers ( groupId, id, name, definition ) values ( 5, 48, '6 D12s', '6D12' );
insert into rollers ( groupId, id, name, definition ) values ( 5, 49, '7 D12s', '7D12' );
insert into rollers ( groupId, id, name, definition ) values ( 5, 50, '8 D12s', '8D12' );
insert into rollers ( groupId, id, name, definition ) values ( 5, 51, '9 D12s', '9D12' );
insert into rollers ( groupId, id, name, definition ) values ( 5, 52, '10 D12s', '10D12' );

insert into groups ( id, name ) values ( 6, 'D20s' );

insert into rollers ( groupId, id, name, definition ) values ( 6, 53, '1 D20', '1D20' );

-- Miscellaneous Rollers

insert into groups ( id, name ) values ( 7, 'Miscellaneous' );

insert into rollers ( groupId, id, name, definition ) values ( 7, 54, 'Coin Flip', 'd2' );
insert into labels values ( 54, 1, 'Heads' );
insert into labels values ( 54, 2, 'Tails' );

-- Munchkin

insert into groups ( id, name ) values ( 8, 'Munchkin' );

insert into rollers ( groupId, id, name, definition ) values ( 8, 55, 'Escape-1', 'd6-1 >= 5' );
insert into labels values ( 55, 1, 'Escape' );
insert into labels values ( 55, 0, 'Bad Stuff' );

insert into rollers ( groupId, id, name, definition ) values ( 8, 56, 'Escape', 'd6 >= 5' );
insert into labels values ( 56, 1, 'Escape' );
insert into labels values ( 56, 0, 'Bad Stuff' );

insert into rollers ( groupId, id, name, definition ) values ( 8, 57, 'Escape+1', 'd6+1 >= 5' );
insert into labels values ( 57, 1, 'Escape' );
insert into labels values ( 57, 0, 'Bad Stuff' );

insert into rollers ( groupId, id, name, definition ) values ( 8, 58, 'Escape+2', 'd6+2 >= 5' );
insert into labels values ( 58, 1, 'Escape' );
insert into labels values ( 58, 0, 'Bad Stuff' );

insert into rollers ( groupId, id, name, definition ) values ( 8, 59, 'Escape+3', 'd6+3 >= 5' );
insert into labels values ( 59, 1, 'Escape' );
insert into labels values ( 59, 0, 'Bad Stuff' );

-- Dungeons and Dragons 3.5

insert into groups ( id, name ) values ( 9, 'Dungeons and Dragons 3.5' );

insert into rollers ( groupId, id, name, definition ) values ( 9, 60, 'Karma D20', 'd20' );
insert into triggers values ( 60, 'Good Karma', 'A == 20' );
insert into triggers values ( 60, 'Bad Karma', 'A == 1' );

insert into rollers ( groupId, id, name, definition ) values ( 9, 61, 'Good Karma Point', 'd20 >= 17' );
insert into labels values ( 61, 1, 'Bring On The Good Stuff' );
insert into labels values ( 61, 0, 'Too Bad' );

insert into rollers ( groupId, id, name, definition ) values ( 9, 62, 'Bad Karma Point', 'd20 <= 4' );
insert into labels values ( 62, 1, 'That''s Gonna Sting' );
insert into labels values ( 62, 0, 'Wheew' );

insert into rollers ( groupId, id, name, definition ) values ( 9, 63, 'Ability Roll', '3,4d6' );

insert into variables ( groupId, name, value ) values ( 9, 'STR', 17 );
insert into variables ( groupId, name, value ) values ( 9, 'CON', 17 );
insert into variables ( groupId, name, value ) values ( 9, 'DEX', 17 );
insert into variables ( groupId, name, value ) values ( 9, 'INT', 17 );
insert into variables ( groupId, name, value ) values ( 9, 'WIS', 17 );
insert into variables ( groupId, name, value ) values ( 9, 'CHA', 17 );

--

insert into groups ( id, name ) values ( 10, 'Hero System 4.0' );

insert into rollers ( groupId, id, name, definition ) values ( 10, 64, 'Hero 3D6', '3d6' );
insert into triggers values ( 64, 'Brownie Point', 'A <= 4' );
insert into triggers values ( 64, 'Sympathy Point', 'A == 18' );

insert into rollers ( groupId, id, name, definition ) values ( 10, 65, 'Location', '3d6' );
insert into labels values ( 65,  3, 'Eyes' );
insert into labels values ( 65,  4, 'Face' );
insert into labels values ( 65,  5, 'Head' );
insert into labels values ( 65,  6, 'Hands' );
insert into labels values ( 65,  7, 'Arms' );
insert into labels values ( 65,  8, 'Arms' );
insert into labels values ( 65,  9, 'Shoulders' );
insert into labels values ( 65, 10, 'Chest' );
insert into labels values ( 65, 11, 'Core' );
insert into labels values ( 65, 12, 'Stomach' );
insert into labels values ( 65, 13, 'Vitals' );
insert into labels values ( 65, 14, 'Thighs' );
insert into labels values ( 65, 15, 'Legs' );
insert into labels values ( 65, 16, 'Legs' );
insert into labels values ( 65, 17, 'Feet' );
insert into labels values ( 65, 18, 'Feet' );

--

insert into groups ( id, name ) values ( 11, 'Hero System 4.0 Normal Attacks' );

insert into rollers ( groupId, id, name, definition ) values ( 11, 66, 'Normal ATK DC-1', 'd6' );
insert into rollers ( groupId, id, name, definition ) values ( 11, 67, 'Normal ATK DC-2', '2d6' );
insert into rollers ( groupId, id, name, definition ) values ( 11, 68, 'Normal ATK DC-3', '3d6' );
insert into rollers ( groupId, id, name, definition ) values ( 11, 69, 'Normal ATK DC-4', '4d6' );
insert into rollers ( groupId, id, name, definition ) values ( 11, 70, 'Normal ATK DC-5', '5d6' );
insert into rollers ( groupId, id, name, definition ) values ( 11, 71, 'Normal ATK DC-6', '6d6' );
insert into rollers ( groupId, id, name, definition ) values ( 11, 72, 'Normal ATK DC-7', '7d6' );
insert into rollers ( groupId, id, name, definition ) values ( 11, 73, 'Normal ATK DC-8', '8d6' );
insert into rollers ( groupId, id, name, definition ) values ( 11, 74, 'Normal ATK DC-9', '9d6' );
insert into rollers ( groupId, id, name, definition ) values ( 11, 75, 'Normal ATK DC-10', '10d6' );

--

insert into groups ( id, name ) values ( 12, 'Hero System 4.0 Killing Attacks' );

insert into rollers ( groupId, id, name, definition ) values ( 12, 76, 'Killing ATK DC-1', 'd2-1' );
insert into rollers ( groupId, id, name, definition ) values ( 12, 77, 'Killing ATK DC-2', 'd3' );
insert into rollers ( groupId, id, name, definition ) values ( 12, 78, 'Killing ATK DC-3', 'd6' );
insert into rollers ( groupId, id, name, definition ) values ( 12, 79, 'Killing ATK DC-4', 'd6+1' );
insert into rollers ( groupId, id, name, definition ) values ( 12, 80, 'Killing ATK DC-5', 'd6+d3' );
insert into rollers ( groupId, id, name, definition ) values ( 12, 81, 'Killing ATK DC-6', '2d6' );
insert into rollers ( groupId, id, name, definition ) values ( 12, 82, 'Killing ATK DC-7', '2d6+1' );
insert into rollers ( groupId, id, name, definition ) values ( 12, 83, 'Killing ATK DC-8', '2d6+d3' );
insert into rollers ( groupId, id, name, definition ) values ( 12, 84, 'Killing ATK DC-9', '3d6' );
insert into rollers ( groupId, id, name, definition ) values ( 12, 85, 'Killing ATK DC-10', '3d6+1' );

--

-- insert into groups ( id, name ) values ( 0, '' );
-- insert into rollers ( groupId, id, name, definition ) values ( 0, 0, '', '' );
-- insert into labels values ( 0, 0, '' );
-- insert into triggers values ( ( select id from rollers where groupId = '' and name='' ), '', '' );
